Date|Time|Source|Symbol|Strike|Expiration|Call_Put|Orders_Today|Total_Prems|Total_Vol|Price|OTM_Pct|OI|Vol_OI_Ratio|Strike_Diff_Pct|Strike_Diff_Dollar
2025-12-29|08:04:54|Tradytics|VIX|30.0|2/18/2026|CALL|7|1.51M|18.34K|||||59.0%|11.13
2025-12-29|13:00:45|UnusualWhales|DAL|72.0|1/16/2026|CALL||1.21M|8059|1.51|4.02%|969|8.32||
2025-12-29|13:57:11|Tradytics|HPQ|21.0|2/20/2026|PUT|5|565.0K|13.0K|||||8.2%|1.72
2025-12-30|08:26:38|Tradytics|OXY|42.0|1/16/2026|CALL|7|510.65K|8.36K|||||2.33%|0.96
2025-12-30|09:28:53|Tradytics|FTAI|200.0|1/15/2027|CALL|5|3.59M|867|||||3.61%|6.95
2025-12-30|12:08:43|Tradytics|COST|872.5|1/9/2026|CALL|5|543.86K|766|||||0.89%|7.68
2025-12-30|08:26:38|Tradytics|OXY|42.0|1/16/2026|CALL|7|510.65K|8.36K|||||2.33%|0.96
2025-12-30|09:28:53|Tradytics|FTAI|200.0|1/15/2027|CALL|5|3.59M|867|||||3.61%|6.95
2025-12-30|12:08:43|Tradytics|COST|872.5|1/9/2026|CALL|5|543.86K|766|||||0.89%|7.68
2025-12-31|09:39:26|Tradytics|RKLB|100.0|4/17/2026|CALL|10|613.0K|1.02K|||||41.93%|29.54
2025-12-31|10:07:02|Tradytics|WBD|29.0|1/30/2026|CALL|5|518.61K|4.86K|||||0.47%|0.14
2025-12-31|11:54:01|UnusualWhales|COST|870.0|9/18/2026|CALL||736K|100|73.65|0.68%|20|5.00||
2025-12-31|09:39:26|Tradytics|RKLB|100.0|4/17/2026|CALL|10|613.0K|1.02K|||||41.93%|29.54
2025-12-31|10:07:02|Tradytics|WBD|29.0|1/30/2026|CALL|5|518.61K|4.86K|||||0.47%|0.14
2025-12-31|11:54:01|UnusualWhales|COST|870.0|9/18/2026|CALL||736K|100|73.65|0.68%|20|5.00||
2025-12-31|14:00:05|UnusualWhales|TSLA|455.0|1/9/2026|CALL||566K|12861|8.70|1.19%|1714|7.50||
2026-01-02|07:34:35|Tradytics|AAPL|270.0|2/20/2026|PUT|7|682.01K|945|||||1.02%|2.74
2026-01-02|07:37:38|Tradytics|ASML|1100.0|2/20/2026|PUT|5|2.15M|474|||||3.94%|43.32
2026-01-02|07:59:54|Tradytics|TSM|320.0|1/16/2026|CALL|11|675.76K|870|||||1.64%|5.15
2026-01-02|08:25:29|Tradytics|HOOD|130.0|12/18/2026|CALL|8|1.03M|466|||||15.08%|17.03
2026-01-02|08:28:17|Tradytics|TSLL|15.0|1/21/2028|PUT|8|1.61M|2.38K|||||29.42%|4.41
2026-01-02|08:31:05|Tradytics|CRWV|80.0|2/20/2026|CALL|6|809.04K|958|||||5.14%|3.91
2026-01-02|08:55:34|Tradytics|SNDK|280.0|1/16/2026|CALL|11|2.45M|2.18K|||||6.29%|16.47
2026-01-02|08:58:27|Tradytics|RKT|23.0|3/20/2026|CALL|5|1.07M|11.06K|||||17.65%|3.45
2026-01-02|09:13:05|Tradytics|LITE|410.0|1/16/2026|CALL|5|685.53K|550|||||7.2%|27.55
2026-01-02|11:55:23|UnusualWhales|MU|315.0|1/16/2026|CALL||519K|8483|12.85|1.01%|667|12.72||
2026-01-05|08:03:16|UnusualWhales|MU|300.0|7/17/2026|CALL||964K|3618|68.40||413|8.76||
2026-01-05|08:13:51|Tradytics|LITE|320.0|1/16/2026|PUT|5|679.26K|962|||||10.69%|34.22
2026-01-05|08:16:55|Tradytics|XYZ|70.0|1/16/2026|CALL|14|1.8M|19.01K|||||4.22%|2.83
2026-01-05|09:12:48|Tradytics|XYZ|70.0|3/20/2026|CALL|9|700.99K|1.27K|||||2.81%|1.91
2026-01-05|09:39:15|Tradytics|SNAP|10.0|1/15/2027|CALL|11|627.77K|3.85K|||||21.22%|1.75
2026-01-05|10:17:05|Tradytics|XYZ|80.0|3/20/2026|CALL|10|1.07M|4.26K|||||16.75%|11.47
2026-01-05|10:19:43|Tradytics|XLF|57.0|1/16/2026|CALL|5|520.19K|14.96K|||||1.22%|0.68
2026-01-05|13:15:05|Tradytics|WMT|115.0|3/20/2026|CALL|5|715.34K|1.54K|||||1.42%|1.61
2026-01-06|07:52:11|Tradytics|GOOG|320.0|1/16/2026|PUT|11|5.86M|11.27K|||||0.17%|0.53
2026-01-06|08:34:31|Tradytics|SILJ|30.0|5/15/2026|CALL|5|591.19K|1.26K|||||1.4%|0.42
2026-01-06|08:37:26|Tradytics|BMY|55.0|3/20/2026|CALL|12|1.09M|4.78K|||||1.43%|0.78
2026-01-06|08:40:21|Tradytics|M|25.0|3/20/2026|CALL|12|877.05K|5.94K|||||6.15%|1.45
2026-01-06|10:15:18|UnusualWhales|TSLA|432.5|1/16/2026|CALL||592K|2418|11.85|0.35%|292|8.28||
2026-01-06|11:18:24|Tradytics|IEF|95.0|3/20/2026|PUT|5|3.46M|72.51K|||||1.29%|1.22
2026-01-06|12:29:21|UnusualWhales|MU|345.0|1/16/2026|CALL||622K|4620|11.00|2.27%|1266|3.65||
2026-01-06|13:27:52|Tradytics|ABNB|160.0|9/18/2026|CALL|8|521.26K|589|||||16.05%|22.13
2026-01-06|13:40:14|UnusualWhales|TSLA|435.0|2/20/2026|CALL||835K|2233|28.20|0.70%|515|4.34||
2026-01-06|14:01:17|Tradytics|VIX|24.0|3/18/2026|CALL|12|1.48M|8.8K|||||23.87%|4.62
2026-01-07|08:03:47|Tradytics|SOXL|53.0|1/16/2026|CALL|13|878.17K|3.17K|||||1.46%|0.76
2026-01-07|08:06:47|Tradytics|ARM|130.0|2/20/2026|CALL|6|858.7K|1.98K|||||11.58%|13.49
2026-01-07|08:25:46|Tradytics|TLT|92.0|6/18/2026|CALL|6|570.3K|5.65K|||||5.1%|4.47
2026-01-07|09:58:58|Tradytics|NOK|7.0|3/20/2026|CALL|7|1.1M|24.0K|||||2.42%|0.17
2026-01-07|12:24:22|UnusualWhales|MSTR|190.0|3/20/2026|CALL||1.08M|15154|10.80|18.09%|618|24.52||
2026-01-07|12:28:04|UnusualWhales|MSTR|190.0|3/20/2026|CALL||1.09M|16167|10.90|17.98%|618|26.16||
2026-01-07|12:53:23|UnusualWhales|GOOGL|430.0|6/18/2026|CALL||557K|25275|5.25|33.66%|9711|2.60||
2026-01-07|13:06:40|Tradytics|SRAD|20.0|2/20/2026|PUT|5|625.12K|7.29K|||||7.06%|1.41
2026-01-07|13:12:23|UnusualWhales|GOOGL|430.0|6/18/2026|CALL||1.27M|29612|5.45|33.30%|9711|3.05||
2026-01-07|13:12:23|UnusualWhales|GOOGL|430.0|6/18/2026|CALL||1.27M|29612|5.45|33.30%|9711|3.05||
2026-01-08|07:43:01|UnusualWhales|LLY|1220.0|7/17/2026|CALL||1.22M|200|81.50|9.16%|14|14.29||
2026-01-08|08:17:13|Tradytics|SATS|130.0|3/20/2026|CALL|8|1.45M|1.93K|||||10.7%|12.57
2026-01-08|08:19:01|UnusualWhales|NVDA|190.0|2/6/2026|CALL||670K|13198|6.15|2.17%|4863|2.71||
2026-01-08|08:19:02|UnusualWhales|NVDA|190.0|2/6/2026|CALL||1.44M|12094|6.10|2.21%|4863|2.49||
2026-01-08|08:26:35|UnusualWhales|NVDA|190.0|2/6/2026|CALL||4.54M|24749|6.10|2.23%|4863|5.09||
2026-01-08|08:32:42|UnusualWhales|TSLA|435.0|1/16/2026|CALL||510K|9390|10.20|0.10%|3942|2.38||
2026-01-08|08:52:16|UnusualWhales|AVAV|380.0|5/15/2026|CALL||877K|462|40.60|11.46%|56|8.25||
2026-01-08|08:54:48|Tradytics|LITE|320.0|2/20/2026|PUT|6|1.62M|470|||||8.95%|28.63
2026-01-08|09:01:24|Tradytics|KWEB|40.0|8/21/2026|CALL|5|1.11M|4.47K|||||12.24%|4.36
2026-01-08|09:20:12|Tradytics|U|55.0|2/20/2026|CALL|15|677.27K|4.34K|||||22.16%|9.97
2026-01-08|09:40:04|UnusualWhales|NVDA|185.0|1/9/2026|CALL||820K|58831|1.67|0.03%|27897|2.11||
2026-01-08|09:41:41|Tradytics|FLNC|25.0|5/15/2026|CALL|8|779.94K|1.86K|||||15.34%|3.33
2026-01-08|10:03:56|Tradytics|CCCX|20.0|2/20/2026|CALL|5|865.97K|4.0K|||||6.28%|1.18
2026-01-08|11:36:18|Tradytics|XRT|94.0|2/20/2026|CALL|5|1.89M|13.26K|||||4.22%|3.81
2026-01-08|11:36:18|Tradytics|XRT|94.0|2/20/2026|CALL|5|1.89M|13.26K|||||4.22%|3.81
2026-01-09|07:56:32|Tradytics|LRCX|210.0|2/20/2026|PUT|5|1.54M|1.0K|||||0.09%|0.18
2026-01-09|08:04:53|Tradytics|BABA|170.0|3/20/2026|CALL|24|2.33M|4.52K|||||13.11%|19.71
2026-01-09|08:11:49|Tradytics|ASML|1300.0|1/16/2026|CALL|5|1.03M|848|||||4.29%|53.53
2026-01-09|08:14:14|UnusualWhales|TSLA|435.0|1/9/2026|CALL||637K|40971|4.55||14426|2.84||
2026-01-09|08:17:55|Tradytics|NBIS|112.0|1/16/2026|CALL|7|682.17K|3.59K|||||10.15%|10.32
2026-01-09|08:22:43|UnusualWhales|TSLA|435.0|1/9/2026|CALL||518K|46010|6.70||14426|3.19||
2026-01-09|08:22:48|Tradytics|RTX|200.0|3/20/2026|CALL|11|516.58K|1.12K|||||6.7%|12.57
2026-01-09|08:29:28|UnusualWhales|MSFT|485.0|1/30/2026|CALL||547K|5081|10.85|1.89%|751|6.77||
2026-01-09|08:29:32|UnusualWhales|MSFT|485.0|1/30/2026|CALL||804K|6053|10.75|1.91%|751|8.06||
2026-01-09|08:31:31|UnusualWhales|MSFT|485.0|1/30/2026|CALL||623K|8399|10.70|1.92%|751|11.18||
2026-01-09|10:08:06|UnusualWhales|ASML|1250.0|1/9/2026|CALL||677K|1342|16.00||203|6.61||
2026-01-09|10:12:59|UnusualWhales|TSLA|445.0|1/16/2026|CALL||1.85M|31313|9.15|0.06%|7190|4.36||
2026-01-09|10:47:15|UnusualWhales|TSLA|445.0|1/16/2026|CALL||6.98M|48306|9.60||7190|6.72||
2026-01-09|11:17:39|Tradytics|FIGR|55.0|3/20/2026|PUT|9|532.9K|730|||||7.31%|4.02
2026-01-09|12:06:39|UnusualWhales|XOM|125.0|12/15/2028|CALL||758K|406|19.05|0.53%|1|406.00||
2026-01-09|12:35:35|UnusualWhales|TSM|315.0|1/16/2026|CALL||2.03M|19712|12.95||2319|8.50||
2026-01-09|13:08:59|UnusualWhales|TSLA|440.0|1/9/2026|CALL||528K|115|5.75||14279|8.07||
2026-01-09|13:21:37|Tradytics|EFA|100.0|1/30/2026|CALL|9|524.74K|8.94K|||||1.26%|1.25
2026-01-09|13:24:24|UnusualWhales|MU|340.0|1/16/2026|CALL||1.16M|10046|13.50||4320|2.33||
2026-01-09|13:30:52|Tradytics|EEM|58.0|1/30/2026|CALL|7|614.46K|12.11K|||||1.57%|0.9
2026-01-09|13:33:19|UnusualWhales|MU|340.0|1/16/2026|CALL||734K|12627|13.00||4320|2.92||
2026-01-09|13:46:24|UnusualWhales|MSFT|500.0|2/6/2026|CALL||820K|4453|8.20|4.21%|627|7.10||
2026-01-09|13:54:19|UnusualWhales|MU|340.0|1/16/2026|CALL||636K|14463|13.00||4320|3.35||
2026-01-09|13:54:56|UnusualWhales|MU|340.0|1/16/2026|CALL||1.15M|17771|13.00||4320|4.11||
2026-01-09|13:58:06|UnusualWhales|BE|170.0|6/17/2027|CALL||571K|200|57.09|27.01%|2|100.00||
2026-01-09|13:58:06|UnusualWhales|BE|170.0|6/17/2027|CALL||571K|200|57.09|27.01%|2|100.00||
2026-01-12|07:36:52|Tradytics|COF|260.0|3/20/2026|CALL|6|675.9K|1.5K|||||11.12%|26.03
2026-01-12|07:54:06|Tradytics|ASML|1260.0|1/16/2026|PUT|8|3.18M|1.39K|||||0.55%|6.93
2026-01-12|07:58:23|UnusualWhales|PLTR|190.0|2/6/2026|CALL||3.4M|16015|7.95|5.19%|1430|11.20||
2026-01-12|08:03:48|Tradytics|AMAT|305.0|1/16/2026|PUT|9|1.11M|1.94K|||||0.92%|2.81
2026-01-12|08:08:09|Tradytics|UPST|100.0|1/21/2028|CALL|6|548.15K|499|||||115.39%|53.57
2026-01-12|08:12:46|Tradytics|TIGR|10.0|1/16/2026|CALL|9|512.07K|31.85K|||||1.82%|0.18
2026-01-12|08:43:46|Tradytics|INSM|200.0|4/17/2026|CALL|6|1.55M|1.95K|||||18.68%|31.47
2026-01-12|08:53:40|Tradytics|CRWV|115.0|2/20/2026|CALL|19|2.47M|7.46K|||||30.44%|26.84
2026-01-12|09:12:06|Tradytics|BULL|30.0|1/21/2028|CALL|5|598.05K|6.93K|||||261.05%|21.69
2026-01-12|10:11:19|UnusualWhales|PATH|18.0|8/21/2026|CALL||700K|4017|3.50|4.93%|482|8.33||
2026-01-12|10:54:28|UnusualWhales|META|655.0|6/18/2026|CALL||1.31M|725|61.00|1.00%|344|2.11||
2026-01-12|10:54:43|UnusualWhales|META|655.0|6/18/2026|CALL||974K|971|60.90|1.00%|344|2.82||
2026-01-12|10:54:47|UnusualWhales|META|655.0|6/18/2026|CALL||924K|1130|60.80|1.01%|344|3.28||
2026-01-12|10:56:03|UnusualWhales|META|655.0|6/18/2026|CALL||917K|1354|60.70|1.04%|344|3.94||
2026-01-12|13:38:11|UnusualWhales|AAPL|300.0|7/17/2026|CALL||1.8M|5144|6.45|14.98%|2015|2.55||
2026-01-12|13:38:11|UnusualWhales|AAPL|300.0|7/17/2026|CALL||1.8M|5144|6.45|14.98%|2015|2.55||
2026-01-13|07:31:41|Tradytics|SPX|7000.0|1/13/2026|CALL|6|569.99K|1.18K|||||0.21%|15.01
2026-01-13|08:13:57|Tradytics|NIO|7.0|1/15/2027|CALL|7|957.36K|11.97K|||||46.2%|2.21
2026-01-13|08:17:03|Tradytics|V|330.0|2/20/2026|CALL|6|778.16K|721|||||0.38%|1.25
2026-01-13|08:36:42|UnusualWhales|MSFT|465.0|1/30/2026|CALL||574K|390|16.70||144|2.71||
2026-01-13|08:48:01|UnusualWhales|MSFT|460.0|2/6/2026|CALL||1.95M|1486|21.00||189|7.86||
2026-01-13|08:54:25|Tradytics|NKE|70.0|1/15/2027|CALL|7|890.58K|1.01K|||||4.49%|3.01
2026-01-13|08:57:31|Tradytics|GFS|45.0|4/17/2026|CALL|9|3.97M|17.53K|||||10.95%|4.44
2026-01-14|10:20:09|UnusualWhales|BILI|32.0|7/17/2026|CALL||679K|35904|6.29||5962|6.02||
2026-01-15|08:11:21|UnusualWhales|KLAC|1640.0|2/20/2026|CALL||774K|135|62.90|5.68%|17|7.94||
2026-01-15|08:29:36|UnusualWhales|CRDO|133.0|1/23/2026|CALL||670K|510|22.10||510|510.00||
2026-01-15|10:46:48|UnusualWhales|TSM|350.0|1/30/2026|CALL||508K|1486|10.15|0.21%|574|2.59||
2026-01-15|10:47:49|UnusualWhales|TSM|345.0|1/23/2026|CALL||676K|8388|9.50||774|10.84||
2026-01-15|10:52:40|UnusualWhales|TSM|345.0|1/23/2026|CALL||840K|10751|9.00||774|13.89||
2026-01-15|10:54:05|UnusualWhales|TSM|345.0|1/23/2026|CALL||801K|12373|9.10||774|15.99||
2026-01-15|10:54:16|UnusualWhales|TSM|345.0|1/23/2026|CALL||1.04M|13584|9.10||774|17.55||
2026-01-15|10:57:20|UnusualWhales|TSM|345.0|1/23/2026|CALL||2.62M|17089|8.50||774|22.08||
2026-01-15|10:57:45|UnusualWhales|TSM|345.0|1/23/2026|CALL||883K|18144|8.45||774|23.44||
2026-01-15|10:59:07|UnusualWhales|TSM|345.0|1/23/2026|CALL||1.07M|20134|8.40||774|26.01||
2026-01-15|11:01:36|UnusualWhales|TSM|345.0|1/23/2026|CALL||1.56M|22201|8.00||774|28.68||
2026-01-15|11:11:44|UnusualWhales|TSM|345.0|1/23/2026|CALL||1.29M|35159|7.60||774|45.43||
2026-01-15|11:12:43|UnusualWhales|TSM|345.0|1/23/2026|CALL||602K|36175|7.50|0.12%|774|46.74||
2026-01-15|11:22:57|UnusualWhales|TSM|345.0|1/23/2026|CALL||1.15M|48717|7.60|0.08%|774|62.94||
2026-01-15|11:25:48|UnusualWhales|TSM|345.0|1/23/2026|CALL||2.13M|51592|7.60|0.09%|774|66.66||
2026-01-15|11:26:08|UnusualWhales|TSM|345.0|1/23/2026|CALL||764K|52632|7.60|0.05%|774|68.00||
2026-01-15|11:26:28|UnusualWhales|TSM|345.0|1/23/2026|CALL||1.74M|54948|7.60|0.05%|774|70.99||
2026-01-15|11:26:59|UnusualWhales|TSM|345.0|1/23/2026|CALL||998K|56467|7.60|0%|774|72.95||
2026-01-15|12:10:27|UnusualWhales|SATS|150.0|12/18/2026|CALL||511K|10571|21.31|20.55%|171|61.82||
2026-01-15|12:10:27|UnusualWhales|SATS|150.0|12/18/2026|CALL||511K|10571|21.31|20.55%|171|61.82||
2026-01-16|11:12:14|Tradytics|CRWV|125.0|2/20/2026|CALL|36|3.95M|9.79K|||||23.12%|23.47
2026-01-16|12:00:37|Tradytics|CX|13.0|3/20/2026|CALL|5|4.94M|76.0K|||||4.38%|0.55
2026-01-16|12:10:57|Tradytics|PEG|77.5|2/20/2026|PUT|5|642.84K|3.9K|||||2.37%|1.84
2026-01-16|12:19:26|UnusualWhales|CRDO|133.0|1/16/2026|CALL||512K|1369|18.30||29|47.21||
2026-01-20|08:27:27|Tradytics|BILI|30.0|2/20/2026|PUT|7|671.14K|4.19K|||||2.86%|0.86
2026-01-20|08:44:28|Tradytics|LITE|350.0|1/23/2026|CALL|6|1.07M|873|||||2.15%|7.23
2026-01-20|09:06:47|Tradytics|GLD|460.0|9/18/2026|CALL|115|62.89M|25.55K|||||5.73%|24.92
2026-01-20|09:09:29|Tradytics|LITE|360.0|1/23/2026|CALL|7|689.84K|873|||||3.43%|11.93
2026-01-20|09:29:22|Tradytics|IRE|11.0|2/20/2026|PUT|9|810.0K|4.05K|||||15.47%|1.7
2026-01-20|11:12:33|Tradytics|BSX|95.0|4/17/2026|CALL|14|810.25K|2.31K|||||5.36%|4.84
2026-01-20|12:34:19|Tradytics|FSLR|200.0|3/20/2026|PUT|8|1.24M|2.06K|||||20.7%|41.39
2026-01-20|13:10:36|Tradytics|AGQ|100.0|6/18/2026|PUT|12|5.58M|10.05K|||||170.5%|170.5
2026-01-20|13:45:02|UnusualWhales|TSM|330.0|1/30/2026|CALL||912K|10111|8.20|0.62%|890|11.36||
2026-01-20|13:49:00|UnusualWhales|TSM|330.0|1/30/2026|CALL||1.13M|13466|8.35|0.61%|890|15.13||
2026-01-20|13:54:45|UnusualWhales|TSM|330.0|1/30/2026|CALL||700K|17438|8.35|0.67%|890|19.59||
2026-01-20|13:55:03|UnusualWhales|TSM|330.0|1/30/2026|CALL||1.13M|19401|8.45|0.63%|890|21.80||
2026-01-20|13:56:41|Tradytics|COF|225.0|2/20/2026|PUT|6|639.13K|762|||||1.6%|3.61
2026-01-20|13:56:41|Tradytics|COF|225.0|2/20/2026|PUT|6|639.13K|762|||||1.6%|3.61
2026-01-21|07:33:57|Tradytics|NFLX|73.0|8/21/2026|PUT|24|1.89M|4.09K|||||13.88%|10.13
2026-01-21|07:36:44|Tradytics|MSFT|450.0|2/20/2026|CALL|5|1.7M|991|||||0.08%|0.37
2026-01-21|07:39:53|UnusualWhales|LITE|390.0|3/20/2026|CALL||828K|817|51.10|7.44%|63|12.97||
2026-01-21|07:55:35|Tradytics|SLVP|46.0|3/20/2026|CALL|8|993.2K|2.05K|||||3.56%|1.58
2026-01-21|08:27:45|Tradytics|SMH|390.0|2/20/2026|PUT|11|4.84M|4.13K|||||1.91%|7.45
2026-01-21|08:31:05|UnusualWhales|MSFT|460.0|1/30/2026|CALL||1.8M|18738|8.40|2.24%|5564|3.37||
2026-01-21|08:39:51|UnusualWhales|CRUS|130.0|2/20/2026|CALL||505K|569|8.90||70|8.13||
2026-01-21|09:33:08|Tradytics|LRCX|220.0|2/20/2026|PUT|5|533.65K|403|||||2.39%|5.25
2026-01-21|10:11:53|Tradytics|CAT|400.0|1/21/2028|PUT|5|1.49M|634|||||58.45%|233.79
2026-01-21|10:22:54|Tradytics|ASML|1300.0|1/23/2026|PUT|8|901.3K|1.36K|||||2.88%|37.44
2026-01-21|10:53:08|Tradytics|HYG|80.0|2/20/2026|PUT|5|698.19K|33.35K|||||1.3%|1.04
2026-01-21|13:08:12|Tradytics|EXE|120.0|7/17/2026|CALL|7|561.9K|916|||||9.79%|10.7
2026-01-21|13:08:12|Tradytics|EXE|120.0|7/17/2026|CALL|7|561.9K|916|||||9.79%|10.7
2026-01-22|07:52:57|UnusualWhales|MU|570.0|12/15/2028|CALL||1.37M|280|136.75|48.17%|22|12.73||
2026-01-22|08:12:32|Tradytics|AG|25.0|1/21/2028|CALL|5|632.01K|664|||||7.73%|1.79
2026-01-22|08:46:04|Tradytics|VALE|17.0|9/18/2026|CALL|9|718.37K|6.99K|||||7.24%|1.15
2026-01-22|10:46:50|UnusualWhales|APP|520.0|1/23/2026|CALL||1.13M|2310|12.00||19|121.58||
2026-01-22|10:49:07|Tradytics|KMI|35.0|1/15/2027|CALL|5|684.19K|7.79K|||||17.45%|5.2
2026-01-22|11:32:45|UnusualWhales|TSLA|990.0|12/18/2026|CALL||608K|3556|12.15|122.11%|1676|2.12||
2026-01-22|12:08:56|Tradytics|BOIL|40.0|2/20/2026|CALL|18|923.13K|3.42K|||||47.41%|12.86
2026-01-22|12:23:42|UnusualWhales|MU|395.0|2/20/2026|CALL||725K|922|29.00||186|4.96||
2026-01-22|13:41:53|UnusualWhales|MU|390.0|1/23/2026|CALL||513K|18395|10.20||3225|5.70||
2026-01-22|13:45:03|UnusualWhales|AVGO|380.0|3/19/2027|CALL||535K|100|53.50|16.82%|22|4.55||
2026-01-22|13:45:03|UnusualWhales|AVGO|380.0|3/19/2027|CALL||535K|100|53.50|16.82%|22|4.55||
2026-01-23|07:35:38|Tradytics|AVGO|312.5|1/23/2026|PUT|8|671.75K|4.47K|||||1.23%|3.83
2026-01-23|09:12:02|Tradytics|LITE|360.0|1/30/2026|CALL|7|861.64K|988|||||6.67%|22.5
2026-01-23|09:16:44|UnusualWhales|MSFT|510.0|4/17/2026|CALL||518K|6553|10.85|8.71%|1743|3.76||
2026-01-23|10:06:11|UnusualWhales|HIMS|40.0|9/18/2026|CALL||550K|3832|5.50|29.66%|125|30.66||
2026-01-23|10:41:50|Tradytics|ARKK|79.0|2/20/2026|PUT|5|1.23M|5.71K|||||3.16%|2.5
2026-01-23|13:01:33|Tradytics|AR|37.0|2/20/2026|CALL|8|5.95M|74.3K|||||8.01%|2.74
2026-01-23|13:01:33|Tradytics|AR|37.0|2/20/2026|CALL|8|5.95M|74.3K|||||8.01%|2.74
2026-01-23|13:01:33|Tradytics|AR|37.0|2/20/2026|CALL|8|5.95M|74.3K|||||8.01%|2.74
2026-01-26|07:49:59|Tradytics|TEAM|140.0|2/20/2026|CALL|6|848.4K|939|||||3.32%|4.49
2026-01-26|09:13:23|Tradytics|NBIS|85.0|3/20/2026|PUT|8|929.14K|1.12K|||||11.57%|9.83
2026-01-26|09:16:05|Tradytics|ONON|47.5|6/18/2026|CALL|6|809.36K|1.56K|||||3.07%|1.41
2026-01-26|11:47:11|UnusualWhales|AAPL|285.0|5/15/2026|CALL||950K|3941|4.75|11.92%|1393|2.83||
2026-01-26|12:33:39|Tradytics|T|23.0|1/30/2026|PUT|7|880.26K|27.36K|||||2.31%|0.53
2026-01-26|12:54:29|Tradytics|ZM|100.0|3/20/2026|CALL|10|603.68K|1.6K|||||6.52%|6.09
2026-01-26|13:54:53|Tradytics|IGV|100.0|2/20/2026|CALL|6|1.22M|4.95K|||||1.0%|0.99
2026-01-27|07:51:51|Tradytics|CRWV|130.0|3/20/2026|CALL|33|8.74M|13.38K|||||25.35%|26.29
2026-01-27|07:54:40|Tradytics|VALE|20.0|1/15/2027|CALL|11|694.64K|8.68K|||||23.61%|3.82
2026-01-27|07:57:35|Tradytics|THC|200.0|3/20/2026|CALL|6|681.22K|595|||||0.68%|1.34
2026-01-27|09:05:27|Tradytics|KMX|50.0|3/20/2026|CALL|6|1.68M|9.19K|||||9.4%|4.29
2026-01-27|09:40:49|Tradytics|PBR|20.0|1/15/2027|CALL|7|501.15K|10.02K|||||33.91%|5.06
2026-01-27|09:59:59|Tradytics|VRT|190.0|2/20/2026|CALL|6|629.48K|565|||||2.44%|4.52
2026-01-27|10:11:01|Tradytics|OKTA|87.5|12/17/2027|PUT|10|1.44M|752|||||5.12%|4.48
2026-01-27|11:05:28|Tradytics|CORZ|20.0|3/20/2026|CALL|6|2.5M|9.96K|||||2.48%|0.48
2026-01-27|11:25:45|UnusualWhales|UNH|285.0|2/20/2026|CALL||955K|2287|9.55|1.21%|2|1||
2026-01-27|11:56:29|UnusualWhales|MSFT|445.0|1/30/2026|CALL||1.01M|18669|39.10||577|32.36||
2026-01-27|12:15:14|UnusualWhales|META|630.0|1/30/2026|CALL||791K|4780|47.65||1610|2.97||
2026-01-27|12:16:33|Tradytics|CORZ|24.0|3/20/2026|CALL|6|4.24M|31.24K|||||22.02%|4.33
2026-01-27|12:21:59|UnusualWhales|GOOG|337.5|1/30/2026|CALL||556K|8028|3.75|0.51%|2340|3.43||
2026-01-27|12:45:13|UnusualWhales|MSFT|445.0|1/30/2026|CALL||737K|22680|38.20||577|39.31||
2026-01-27|12:47:58|UnusualWhales|MSFT|445.0|1/30/2026|CALL||893K|22929|37.85||577|39.74||
2026-01-27|14:16:08|Tradytics|VIX|20.0|2/18/2026|CALL|11|1.92M|14.27K|||||8.19%|1.51	
2026-01-28|07:35:59|Tradytics|AMZN|300.0|12/17/2027|CALL|6|1.51M|419|||||21.63%|53.34
2026-01-28|10:25:32|Tradytics|CLS|300.0|2/20/2026|PUT|6|712.95K|544|||||12.41%|37.24
2026-01-28|11:22:22|Tradytics|AAOI|60.0|6/18/2026|CALL|6|640.63K|849|||||33.89%|15.19
2026-01-28|11:53:49|Tradytics|TSLL|30.0|1/15/2027|CALL|8|1.32M|3.27K|||||71.0%|12.46
2026-01-28|12:14:00|UnusualWhales|TSLA|432.5|1/30/2026|CALL||538K|12717|13.45||2197|5.79||
2026-01-28|13:01:37|UnusualWhales|TSLA|450.0|1/30/2026|CALL||859K|52800|6.65|3.28%|17889|2.95||
2026-01-28|13:02:12|UnusualWhales|HOOD|105.0|6/18/2026|CALL||720K|3204|16.00|1.37%|1220|2.63||
2026-01-28|13:13:25|UnusualWhales|CRWV|125.0|6/18/2026|CALL||925K|6047|18.50|17.81%|1236|4.89||
2026-01-28|13:23:40|UnusualWhales|TSLA|450.0|1/30/2026|CALL||963K|64847|6.10|3.49%|17889|3.62||
2026-01-28|13:25:04|UnusualWhales|TSLA|450.0|1/30/2026|CALL||617K|66108|6.15|3.44%|17889|3.70||
2026-01-28|13:36:09|UnusualWhales|TSLA|450.0|1/30/2026|CALL||2.71M|74156|5.55|3.94%|17889|4.15||
2026-01-28|13:36:20|UnusualWhales|TSLA|450.0|1/30/2026|CALL||583K|76001|5.55|3.92%|17889|4.25||
2026-01-28|13:57:41|UnusualWhales|APP|550.0|2/6/2026|CALL||836K|665|19.90|1.36%|331|2.01||
2026-01-28|13:57:41|UnusualWhales|APP|550.0|2/6/2026|CALL||836K|665|19.90|1.36%|331|2.01||
2026-01-29|10:22:12|UnusualWhales|TSM|335.0|2/6/2026|CALL||540K|1963|8.80||556|3.53||
2026-01-29|10:32:41|Tradytics|WULF|16.0|2/20/2026|CALL|8|3.41M|41.31K|||||11.88%|1.7
2026-01-29|13:51:25|UnusualWhales|META|900.0|11/20/2026|CALL||540K|1747|47.75|21.63%|79|22.11||
2026-01-29|13:51:25|UnusualWhales|META|900.0|11/20/2026|CALL||540K|1747|47.75|21.63%|79|22.11||
2026-01-30|07:33:41|Tradytics|GLD|465.0|1/30/2026|PUT|7|568.82K|1.13K|||||0.26%|1.19
2026-01-30|07:36:19|Tradytics|HOOD|120.0|6/18/2026|CALL|6|581.0K|600|||||17.47%|17.84
2026-01-30|09:09:06|UnusualWhales|APP|470.0|2/20/2026|CALL||2.71M|813|67.70||145|5.61||
2026-01-30|09:11:41|UnusualWhales|PLTR|135.0|12/15/2028|CALL||1.29M|236|67.00||63|3.75||
2026-01-30|10:49:43|Tradytics|ARKK|74.0|2/20/2026|PUT|5|2.94M|13.43K|||||2.27%|1.68
2026-01-30|11:50:39|Tradytics|GE|310.0|5/15/2026|CALL|6|1.12M|571|||||1.47%|4.48
2026-01-30|11:59:39|UnusualWhales|GOOG|355.0|4/17/2026|CALL||1.28M|1731|16.00|4.43%|538|3.22||
2026-01-30|13:24:23|UnusualWhales|TSLA|437.5|2/20/2026|CALL||906K|2381|15.10|1.56%|515|4.62||
2026-01-30|13:35:10|UnusualWhales|SNDK|600.0|2/6/2026|CALL||1.29M|4288|17.00|9.61%|1062|4.04||
2026-01-30|13:35:10|UnusualWhales|SNDK|600.0|2/6/2026|CALL||1.29M|4288|17.00|9.61%|1062|4.04||
2026-02-02|07:34:47|Tradytics|PLTR|155.0|2/20/2026|CALL|7|903.78K|1.25K|||||3.44%|5.15
2026-02-02|09:38:48|Tradytics|LITE|510.0|2/6/2026|CALL|6|650.74K|467|||||15.75%|69.37
2026-02-02|12:25:42|UnusualWhales|AMZN|227.5|2/6/2026|CALL||1.27M|4195|19.50||736|5.70||
2026-02-02|12:25:42|UnusualWhales|AMZN|227.5|2/6/2026|CALL||1.27M|4195|19.50||736|5.70||
2026-02-03|07:47:17|UnusualWhales|ASML|1390.0|2/6/2026|CALL||1.33M|295|45.20||54|5.46||
2026-02-03|07:47:49|UnusualWhales|ASML|1390.0|2/6/2026|CALL||703K|454|44.20||54|8.41||
2026-02-03|08:16:37|UnusualWhales|QURE|55.0|4/17/2026|CALL||562K|1260|4.50|106.84%|566|2.23||
2026-02-03|08:41:40|UnusualWhales|TSLA|430.0|2/4/2026|CALL||508K|29829|3.50|0.68%|3144|9.49||
2026-02-03|09:13:49|Tradytics|HD|380.0|2/20/2026|PUT|6|531.11K|951|||||1.24%|4.71
2026-02-03|09:58:20|Tradytics|JBS|20.0|9/18/2026|CALL|6|888.4K|29.61K|||||24.63%|3.95
2026-02-03|10:31:08|UnusualWhales|OKLO|120.0|12/18/2026|CALL||535K|772|16.40|53.71%|22|35.09||
2026-02-03|10:37:09|Tradytics|OKLO|120.0|12/18/2026|CALL|7|2.44M|1.49K|||||53.82%|41.99
2026-02-03|10:42:52|UnusualWhales|STX|425.0|2/13/2026|CALL||613K|204|30.64||8|25.50||
2026-02-03|13:37:14|Tradytics|OXY|50.0|5/15/2026|CALL|6|592.99K|3.56K|||||10.81%|4.88
2026-02-03|13:37:14|Tradytics|OXY|50.0|5/15/2026|CALL|6|592.99K|3.56K|||||10.81%|4.88
2026-02-04|08:22:31|UnusualWhales|AVGO|307.5|2/6/2026|CALL||796K|3523|10.00||85|41.45||
2026-02-04|09:15:36|UnusualWhales|TSLA|670.0|12/15/2028|CALL||1.03M|116|96.70|63.73%|49|2.37||
2026-02-04|13:03:19|UnusualWhales|PYPL|37.5|12/15/2028|CALL||696K|1328|13.95||41|32.39||
2026-02-04|13:10:58|UnusualWhales|PYPL|37.5|12/15/2028|CALL||692K|1831|13.90||41|44.66||
2026-02-04|13:33:13|UnusualWhales|TSLA|410.0|4/17/2026|CALL||1.5M|1446|33.70|0.57%|463|3.12||
2026-02-04|13:59:39|UnusualWhales|MSTR|135.0|2/20/2026|CALL||814K|8562|7.10|4.71%|3301|2.59||
2026-02-04|13:59:39|UnusualWhales|MSTR|135.0|2/20/2026|CALL||814K|8562|7.10|4.71%|3301|2.59||
2026-02-05|07:34:27|Tradytics|IREN|110.0|1/15/2027|CALL|6|1.32M|2.03K|||||152.83%|66.49
2026-02-05|09:32:13|UnusualWhales|RKT|21.0|9/18/2026|CALL||851K|5252|3.40|8.02%|79|66.48||
2026-02-05|12:27:12|UnusualWhales|NVDA|175.0|2/9/2026|CALL||830K|19611|2.67|0.68%|4073|4.81||
2026-02-05|13:08:08|UnusualWhales|RDDT|250.0|12/18/2026|CALL||525K|251|21.00|61.62%|81|3.10||
2026-02-05|13:14:32|UnusualWhales|RDDT|250.0|12/18/2026|CALL||512K|501|20.50|61.26%|81|6.19||
2026-02-05|13:21:32|UnusualWhales|RDDT|250.0|12/18/2026|CALL||500K|752|20.00|62.55%|81|9.28||
2026-02-05|13:59:18|UnusualWhales|GOOGL|335.0|2/6/2026|CALL||539K|23733|3.00|0.85%|7935|2.99||
2026-02-05|13:59:18|UnusualWhales|GOOGL|335.0|2/6/2026|CALL||539K|23733|3.00|0.85%|7935|2.99||
2026-02-06|09:19:13|UnusualWhales|IREN|40.0|5/15/2026|CALL||501K|5120|11.10||1308|3.91||
2026-02-06|11:02:45|UnusualWhales|W|97.5|5/15/2026|CALL||643K|1031|12.00|6.23%|124|8.31||
2026-02-06|13:53:09|UnusualWhales|NVDA|180.0|2/6/2026|CALL||945K|168|6.90||72586|2.31||
2026-02-06|13:59:37|UnusualWhales|SNDK|620.0|4/17/2026|CALL||1.01M|167|106.23|3.60%|43|3.88||
2026-02-06|13:59:37|UnusualWhales|SNDK|620.0|4/17/2026|CALL||1.01M|167|106.23|3.60%|43|3.88||
2026-02-09|07:38:45|Tradytics|EWY|119.0|3/20/2026|PUT|7|739.27K|1.25K|||||4.36%|5.19
2026-02-09|08:16:36|UnusualWhales|ARM|125.0|9/18/2026|CALL||1.09M|1532|20.55|2.19%|646|2.37||
2026-02-09|08:17:07|UnusualWhales|ARM|125.0|9/18/2026|CALL||585K|2051|20.40|2.80%|646|3.17||
2026-02-09|09:53:17|UnusualWhales|GOOGL|370.0|5/15/2026|CALL||1.07M|7182|9.20|12.91%|2651|2.71||
2026-02-09|10:42:21|UnusualWhales|BK|125.0|1/15/2027|CALL||841K|542|15.60||160|3.39||
2026-02-09|11:54:09|UnusualWhales|NET|210.0|8/21/2026|CALL||650K|352|19.00|21.87%|16|22.00||
2026-02-09|12:32:53|Tradytics|CG|62.5|1/15/2027|CALL|23|2.95M|3.88K|||||4.81%|2.87
2026-02-09|12:32:53|Tradytics|CG|62.5|1/15/2027|CALL|23|2.95M|3.88K|||||4.81%|2.87
2026-02-10|08:51:00|UnusualWhales|ASML|1370.0|2/13/2026|CALL||608K|283|62.00||25|11.32||
2026-02-10|09:10:42|Tradytics|MA|570.0|5/15/2026|CALL|5|956.59K|592|||||4.83%|26.25
2026-02-10|09:12:56|UnusualWhales|BSX|90.0|1/15/2027|CALL||918K|4446|4.80|20.16%|1078|4.12||
2026-02-10|09:18:40|Tradytics|BSX|90.0|1/15/2027|CALL|19|2.18M|4.63K|||||20.27%|15.17
2026-02-10|09:21:52|UnusualWhales|ASML|1400.0|2/13/2026|CALL||942K|381|35.80||143|2.66||
2026-02-10|09:51:06|Tradytics|ARKK|72.0|3/20/2026|PUT|5|937.37K|2.72K|||||1.54%|1.11
2026-02-10|11:41:09|Tradytics|AG|30.0|7/17/2026|CALL|6|675.37K|1.97K|||||25.85%|6.16
2026-02-10|11:50:16|Tradytics|HL|25.0|6/18/2026|CALL|7|868.12K|2.07K|||||7.9%|1.83
2026-02-10|12:33:59|Tradytics|MRVL|82.5|6/18/2026|CALL|5|722.85K|601|||||0.1%|0.08
2026-02-10|12:33:59|Tradytics|MRVL|82.5|6/18/2026|CALL|5|722.85K|601|||||0.1%|0.08
2026-02-11|09:51:27|Tradytics|CVX|200.0|1/21/2028|CALL|8|1.85M|999|||||7.37%|13.73
2026-02-11|09:54:07|Tradytics|SMR|12.0|2/20/2026|PUT|7|654.57K|35.47K|||||26.86%|3.22
2026-02-11|10:26:15|UnusualWhales|MU|412.5|2/20/2026|CALL||608K|1089|12.15|3.25%|234|4.65||
2026-02-11|11:40:11|Tradytics|LNG|260.0|1/15/2027|CALL|12|3.06M|3.08K|||||18.3%|40.21
2026-02-11|11:52:21|Tradytics|ARM|130.0|3/20/2026|CALL|11|913.2K|1.3K|||||2.88%|3.63
2026-02-11|12:11:39|Tradytics|RDW|12.0|1/15/2027|CALL|5|644.0K|2.3K|||||36.69%|3.22
2026-02-11|12:46:27|Tradytics|VZLA|7.5|12/17/2027|CALL|7|636.52K|5.54K|||||93.91%|3.63
2026-02-11|13:08:47|Tradytics|WYNN|135.0|8/21/2026|CALL|6|531.41K|943|||||16.88%|19.49
2026-02-11|14:01:14|Tradytics|USO|77.0|1/15/2027|PUT|5|745.75K|825|||||2.38%|1.83
2026-02-11|14:01:14|Tradytics|USO|77.0|1/15/2027|PUT|5|745.75K|825|||||2.38%|1.83
2026-02-12|12:03:23|Tradytics|JD|25.0|3/20/2026|PUT|6|505.0K|10.0K|||||8.97%|2.24
2026-02-12|12:23:48|Tradytics|DAVE|175.0|3/20/2026|CALL|7|1.54M|1.02K|||||2.41%|4.11
2026-02-12|12:52:04|Tradytics|CLS|280.0|2/27/2026|PUT|7|1.58M|896|||||0.15%|0.42
2026-02-12|13:06:51|Tradytics|DAL|80.0|5/15/2026|CALL|7|976.66K|3.74K|||||14.4%|10.07
2026-02-12|13:49:57|Tradytics|PSTG|70.0|3/20/2026|PUT|5|600.96K|838|||||1.69%|1.18
2026-02-13|07:33:08|Tradytics|QQQ|610.0|2/27/2026|CALL|5|1.13M|1.54K|||||1.72%|10.34
2026-02-13|07:43:28|Tradytics|AMAT|340.0|3/20/2026|PUT|11|1.77M|1.56K|||||9.99%|33.96
2026-02-13|08:30:38|UnusualWhales|MU|405.0|2/13/2026|CALL||1.81M|12434|6.00||1900|6.54||
2026-02-13|08:51:24|UnusualWhales|MU|405.0|2/13/2026|CALL||938K|16930|5.50||1900|8.91||
2026-02-13|11:04:18|Tradytics|SPOT|400.0|6/18/2026|PUT|5|553.25K|250|||||13.85%|55.4
2026-02-13|11:46:25|Tradytics|PANW|195.0|1/15/2027|CALL|8|2.68M|1.55K|||||16.51%|27.64
2026-02-13|13:52:28|Tradytics|KMI|40.0|1/15/2027|CALL|8|501.18K|6.18K|||||24.06%|7.76
2026-02-13|14:14:39|Tradytics|LITE|760.0|6/18/2026|CALL|5|3.87M|473|||||35.27%|198.14
2026-02-13|14:17:29|Tradytics|JNJ|245.0|3/13/2026|CALL|5|921.25K|1.95K|||||0.69%|1.67
2026-02-13|14:17:29|Tradytics|JNJ|245.0|3/13/2026|CALL|5|921.25K|1.95K|||||0.69%|1.67
2026-02-17|07:33:14|Tradytics|QQQ|590.0|2/20/2026|PUT|5|1.21M|2.71K|||||1.26%|7.42
2026-02-17|07:42:00|UnusualWhales|LITE|620.0|4/2/2026|CALL||672K|1696|64.00|12.61%|2|848.00||
2026-02-17|07:46:28|UnusualWhales|ASML|1350.0|2/20/2026|CALL||2.46M|397|62.00||108|3.68||
2026-02-17|07:46:44|UnusualWhales|ASML|1350.0|2/20/2026|CALL||563K|490|60.50||108|4.54||
2026-02-17|08:02:34|Tradytics|COHR|250.0|6/18/2026|CALL|5|4.1M|1.49K|||||19.24%|40.34
2026-02-17|08:05:24|Tradytics|CVNA|310.0|3/20/2026|PUT|16|3.76M|1.39K|||||9.1%|28.21
2026-02-17|08:52:03|UnusualWhales|MU|410.0|2/20/2026|CALL||2.07M|14700|10.05|1.71%|7056|2.08||
2026-02-17|10:21:07|Tradytics|NVO|50.0|12/17/2027|CALL|5|510.26K|427|||||1.34%|0.66
2026-02-17|11:20:22|UnusualWhales|AMZN|200.0|3/6/2026|CALL||833K|6334|6.05|0.26%|1266|5.00||
2026-02-17|11:39:38|Tradytics|ONDS|10.0|3/20/2026|CALL|10|1.71M|12.81K|||||1.52%|0.15
2026-02-17|11:42:58|UnusualWhales|ADI|340.0|2/20/2026|CALL||507K|1376|9.40|0.33%|211|6.52||
2026-02-17|13:15:58|UnusualWhales|HL|20.0|9/18/2026|CALL||1.86M|3024|6.20||170|17.79||
2026-02-18|07:47:58|Tradytics|SEDG|45.0|9/18/2026|CALL|5|538.3K|759|||||22.92%|8.39
2026-02-18|08:24:15|UnusualWhales|INTU|390.0|3/20/2026|CALL||583K|360|31.50||60|6.00||
2026-02-18|09:32:17|Tradytics|CVNA|320.0|3/20/2026|PUT|8|1.81M|779|||||12.55%|40.15
2026-02-18|10:33:01|Tradytics|WDC|310.0|2/20/2026|CALL|7|662.93K|1.42K|||||2.55%|7.52
2026-02-18|11:15:06|Tradytics|ONDS|12.0|3/20/2026|CALL|12|1.28M|10.68K|||||9.4%|1.03
2026-02-19|07:34:37|Tradytics|SPY|685.0|2/19/2026|CALL|56|2.13M|11.9K|||||0.14%|0.95
2026-02-19|09:06:33|Tradytics|LLY|1100.0|4/17/2026|CALL|5|1.5M|599|||||8.2%|83.41
2026-02-19|09:47:31|Tradytics|PBR/A|17.5|1/15/2027|CALL|14|2.32M|30.91K|||||19.79%|2.89
2026-02-19|11:54:32|Tradytics|RKT|22.0|6/18/2026|CALL|5|531.64K|3.63K|||||22.01%|3.97
2026-02-20|07:44:44|Tradytics|IWM|250.0|3/20/2026|PUT|18|4.72M|14.58K|||||5.3%|13.25
2026-02-20|07:47:22|UnusualWhales|BRKB|500.0|3/6/2026|CALL||1.28M|5117|5.30|1.46%|1247|4.10||
2026-02-20|08:19:06|UnusualWhales|TSLA|415.0|2/20/2026|CALL||598K|48379|0.93|1.25%|11602|4.17||
2026-02-20|08:42:06|UnusualWhales|NVDA|187.5|2/20/2026|CALL||520K|95930|1.31||31797|3.02||
2026-02-20|11:48:59|UnusualWhales|NVDA|187.5|2/20/2026|CALL||545K|211|2.18||31797|6.63||
2026-02-20|12:54:56|Tradytics|KRE|68.0|4/17/2026|PUT|14|705.36K|3.55K|||||5.19%|3.53
2026-02-20|13:04:37|UnusualWhales|AAPL|265.0|2/27/2026|CALL||527K|15097|3.50|0.28%|5953|2.54||
2026-02-20|13:24:29|UnusualWhales|BRKB|505.0|3/20/2026|CALL||641K|10015|6.41|1.51%|1520|6.59||
2026-02-20|13:43:07|UnusualWhales|MSFT|392.5|2/20/2026|CALL||1.38M|6924|4.70||808|8.57||
2026-02-23|08:04:58|UnusualWhales|AVGO|350.0|3/6/2026|CALL||923K|12470|11.70|4.41%|2044|6.10||
2026-02-23|09:41:38|UnusualWhales|MSFT|405.0|5/15/2026|CALL||597K|596|16.95|4.81%|50|11.92||
2026-02-23|09:42:20|UnusualWhales|MU|430.0|2/27/2026|CALL||670K|5712|12.00|1.83%|2517|2.27||
2026-02-23|10:17:30|Tradytics|XYZ|60.0|3/20/2026|CALL|5|672.19K|6.09K|||||18.16%|9.22
2026-02-23|10:31:05|Tradytics|JEPQ|57.0|3/20/2026|PUT|10|1.65M|16.54K|||||0.91%|0.52
2026-02-23|11:04:49|Tradytics|TER|310.0|3/20/2026|PUT|5|818.55K|459|||||1.37%|4.24
2026-02-23|13:03:20|Tradytics|AMAT|490.0|6/18/2026|CALL|12|1.46M|1.39K|||||32.15%|119.22
2026-02-23|13:11:33|UnusualWhales|GLW|170.0|4/17/2026|CALL||539K|1281|5.55|18.52%|103|12.44||
2026-02-23|13:49:39|UnusualWhales|MU|430.0|2/27/2026|CALL||550K|9968|11.65|1.84%|2517|3.96||
2026-02-23|13:49:40|UnusualWhales|MU|430.0|2/27/2026|CALL||610K|9496|11.65|1.84%|2517|3.77||
2026-02-23|13:51:17|Tradytics|JPM|300.0|5/15/2026|CALL|18|3.72M|2.34K|||||0.83%|2.48
2026-02-23|14:06:38|Tradytics|STM|36.0|4/17/2026|CALL|9|581.8K|4.18K|||||6.29%|2.13
2026-02-24|07:34:52|Tradytics|CRWV|120.0|3/20/2026|CALL|6|1.63M|4.66K|||||28.75%|26.8
2026-02-24|08:15:06|UnusualWhales|ACHR|6.5|3/20/2026|CALL||830K|9768|0.85||79|123.65||
2026-02-24|09:08:41|Tradytics|AXTI|45.0|8/21/2026|CALL|9|1.25M|1.21K|||||33.94%|11.4
2026-02-24|09:10:05|UnusualWhales|MU|420.0|3/6/2026|CALL||578K|3880|28.90||1852|2.10||
2026-02-24|09:16:44|Tradytics|PBR|18.0|9/18/2026|CALL|6|970.58K|10.84K|||||8.98%|1.48
2026-02-24|10:01:04|Tradytics|ALB|260.0|6/18/2026|CALL|5|2.11M|2.4K|||||38.63%|72.45
2026-02-24|10:36:21|Tradytics|INTC|50.0|4/17/2026|CALL|31|4.7M|17.95K|||||9.39%|4.29
2026-02-24|10:50:27|Tradytics|CORZ|17.0|3/6/2026|PUT|14|511.71K|3.75K|||||3.78%|0.64
2026-02-24|11:31:33|Tradytics|OKLO|80.0|6/18/2026|CALL|6|3.69M|4.5K|||||24.98%|15.99
2026-02-24|11:50:11|UnusualWhales|META|640.0|2/27/2026|CALL||759K|8418|8.70||722|11.66||
2026-02-24|12:37:04|Tradytics|AVGO|310.0|2/27/2026|PUT|31|1.11M|3.6K|||||4.62%|14.31
2026-02-24|12:52:03|UnusualWhales|SNDK|665.0|3/6/2026|CALL||1.06M|440|35.50|5.27%|141|3.12||
2026-02-24|13:09:54|UnusualWhales|NVDA|192.5|3/20/2026|CALL||660K|1844|10.75||761|2.42||
2026-02-25|07:30:19|Tradytics|GLD|477.0|3/6/2026|CALL|5|834.35K|802|||||0.25%|1.17
2026-02-25|08:06:19|UnusualWhales|SNDK|960.0|12/18/2026|CALL||578K|47|144.40|49.83%|10|4.70||
2026-02-25|08:58:57|Tradytics|IBM|275.0|5/15/2026|CALL|14|626.85K|1.19K|||||15.99%|37.92
2026-02-25|09:13:43|Tradytics|CAVA|135.0|12/18/2026|CALL|21|1.86M|4.34K|||||63.63%|52.5
2026-02-25|09:51:06|Tradytics|NOW|145.0|12/18/2026|CALL|9|975.48K|1.25K|||||40.02%|41.44
2026-02-25|10:05:54|Tradytics|NIO|5.5|1/15/2027|CALL|9|668.15K|5.26K|||||5.13%|0.27
2026-02-25|10:20:51|Tradytics|FXI|37.0|12/18/2026|PUT|5|562.77K|2.15K|||||3.71%|1.37
2026-02-25|11:10:47|Tradytics|AXTI|50.0|8/21/2026|CALL|5|975.14K|778|||||28.18%|10.99
2026-02-25|11:13:31|Tradytics|DDOG|120.0|4/17/2026|CALL|10|673.4K|1.23K|||||10.53%|11.43
2026-02-25|12:17:22|UnusualWhales|GOOG|305.0|3/20/2026|CALL||549K|3115|13.55||1512|2.06||
2026-02-25|13:10:50|Tradytics|PBR|18.0|11/20/2026|CALL|6|606.55K|4.49K|||||8.06%|1.34
2026-02-25|13:13:36|Tradytics|TGT|135.0|1/21/2028|CALL|5|776.5K|500|||||16.42%|19.04
2026-02-25|13:16:15|UnusualWhales|INTU|377.5|3/20/2026|CALL||1.19M|478|25.00|0.07%|478|478.00||
2026-02-25|13:24:03|Tradytics|UAMY|10.0|5/15/2026|CALL|5|1.06M|5.88K|||||10.89%|0.98
2026-02-25|13:57:01|UnusualWhales|TSLA|430.0|4/2/2026|CALL||1.46M|7719|16.95|2.98%|2636|2.93||
2026-02-25|14:06:19|Tradytics|SILJ|40.0|5/15/2026|CALL|8|810.25K|1.79K|||||4.95%|1.88
2026-02-26|07:30:14|Tradytics|AMDL|23.0|1/15/2027|CALL|6|910.0K|2.6K|||||71.43%|9.58
2026-02-26|08:08:44|UnusualWhales|MU|425.0|3/6/2026|CALL||1.35M|2005|15.00|1.87%|918|2.18||
2026-02-26|10:01:37|Tradytics|SPOT|540.0|4/17/2026|CALL|5|561.2K|461|||||11.25%|54.59
2026-02-26|11:20:23|UnusualWhales|MU|415.0|3/6/2026|CALL||1.35M|3470|16.90|0.36%|811|4.28||
2026-02-26|12:17:47|Tradytics|HYG|80.0|6/18/2026|PUT|7|932.59K|8.49K|||||1.04%|0.83
2026-02-26|13:21:48|UnusualWhales|TSLA|435.0|3/27/2026|CALL||2.65M|5104|8.20|6.71%|888|5.75||
2026-02-27|07:33:53|Tradytics|GLD|481.0|3/6/2026|CALL|9|4.34M|4.44K|||||0.15%|0.72
2026-02-27|07:36:28|Tradytics|IGV|85.0|3/20/2026|CALL|7|504.25K|4.36K|||||5.61%|4.52
2026-02-27|08:02:54|UnusualWhales|META|645.0|3/6/2026|CALL||888K|6637|13.70||354|18.75||
2026-02-27|08:18:57|UnusualWhales|META|645.0|3/6/2026|CALL||1.13M|8276|12.75||354|23.38||
2026-02-27|09:47:14|UnusualWhales|CRWV|80.0|3/6/2026|CALL||909K|5642|3.70|2.03%|88|64.11||
2026-02-27|09:53:41|Tradytics|EEM|63.0|4/17/2026|CALL|5|6.95M|34.53K|||||0.79%|0.5
2026-02-27|09:56:20|Tradytics|ADBE|260.0|3/20/2026|CALL|6|1.25M|910|||||0.34%|0.87
2026-02-27|09:58:51|Tradytics|SIMO|140.0|9/18/2026|CALL|5|1.34M|676|||||9.52%|12.17
2026-02-27|10:17:41|UnusualWhales|CRWD|360.0|3/13/2026|CALL||620K|955|18.95|0.09%|86|11.10||
2026-02-27|10:17:42|UnusualWhales|CRWD|360.0|3/13/2026|CALL||741K|1362|19.00|0.08%|86|15.84||
2026-02-27|10:43:11|Tradytics|NEE|75.0|2/19/2027|PUT|13|644.51K|1.8K|||||23.54%|17.65
2026-02-27|11:30:14|Tradytics|AVAV|350.0|5/15/2026|CALL|7|954.81K|1.02K|||||43.27%|105.7
2026-02-27|11:30:14|Tradytics|AVAV|350.0|5/15/2026|CALL|7|954.81K|1.02K|||||43.27%|105.7
2026-03-02|07:35:01|Tradytics|LITE|720.0|3/20/2026|PUT|5|3.36M|616|||||7.58%|54.61
2026-03-02|10:20:50|UnusualWhales|NVDA|182.5|3/6/2026|CALL||1.81M|21631|3.95||7786|2.78||
2026-03-02|10:54:24|UnusualWhales|TSLA|410.0|3/20/2026|CALL||1.14M|22912|11.20|2.15%|7518|3.05||
2026-03-02|12:22:10|Tradytics|URNM|85.0|1/21/2028|CALL|5|3.25M|1.69K|||||13.55%|10.14
2026-03-02|12:48:11|UnusualWhales|GOOG|305.0|4/10/2026|CALL||748K|4073|14.95||26|156.65||
2026-03-02|14:15:48|Tradytics|WMT|130.0|5/15/2026|CALL|7|1.57M|2.7K|||||1.79%|2.28
2026-03-03|09:15:30|UnusualWhales|MU|385.0|3/6/2026|CALL||630K|5783|13.40||1625|3.56||
2026-03-03|12:04:00|Tradytics|AXP|250.0|10/16/2026|PUT|10|1.69M|1.47K|||||23.3%|58.26
2026-03-04|08:01:05|UnusualWhales|TSLA|400.0|3/4/2026|CALL||526K|40434|2.32|0.17%|8846|4.57||
2026-03-04|08:06:35|Tradytics|CRWV|65.0|3/20/2026|PUT|9|1.35M|6.13K|||||17.28%|11.23
2026-03-04|08:11:02|UnusualWhales|MU|395.0|3/13/2026|CALL||610K|1104|18.20|0.18%|445|2.48||
2026-03-04|08:46:18|UnusualWhales|COIN|210.0|3/6/2026|CALL||509K|16810|5.00|1.05%|2676|6.28||
2026-03-04|09:21:33|Tradytics|DHR|195.0|3/20/2026|PUT|11|832.87K|4.33K|||||5.5%|10.73
2026-03-04|10:12:06|Tradytics|CORZ|18.0|4/17/2026|CALL|5|723.46K|5.75K|||||11.46%|1.85
2026-03-04|10:38:29|Tradytics|GLW|190.0|4/17/2026|CALL|6|725.0K|2.5K|||||29.66%|43.46
2026-03-04|12:09:27|Tradytics|UNH|400.0|12/15/2028|CALL|6|1.22M|310|||||37.06%|108.16
2026-03-05|09:50:22|Tradytics|KWEB|33.0|9/18/2026|CALL|7|546.26K|3.27K|||||12.76%|3.73
2026-03-05|09:53:19|Tradytics|ASML|1180.0|3/13/2026|PUT|11|630.72K|1.31K|||||16.81%|198.31
2026-03-05|10:52:06|Tradytics|ASML|1185.0|3/13/2026|PUT|9|823.2K|1.37K|||||14.41%|170.77
2026-03-05|13:17:33|Tradytics|EXPE|270.0|6/18/2026|CALL|9|1.26M|627|||||7.98%|19.96
2026-03-05|14:10:23|Tradytics|SE|100.0|4/17/2026|CALL|13|1.6M|3.0K|||||4.93%|4.7
2026-03-06|08:00:24|UnusualWhales|MU|375.0|3/6/2026|CALL||2.89M|6977|14.40||783|8.91||
2026-03-06|08:55:26|UnusualWhales|MU|375.0|3/6/2026|CALL||563K|8776|13.00||783|11.21||
2026-03-06|09:18:30|Tradytics|PFE|28.0|9/18/2026|CALL|7|1.24M|9.78K|||||5.95%|1.57
2026-03-06|09:47:24|UnusualWhales|MRVL|88.0|3/13/2026|CALL||579K|2769|5.30||1206|2.30||
2026-03-06|10:34:55|UnusualWhales|CRCL|110.0|6/17/2027|CALL||542K|159|34.10|8.66%|159|159.00||
2026-03-06|10:44:22|UnusualWhales|SNDK|575.0|3/13/2026|CALL||720K|544|20.00|3.42%|33|16.48||
2026-03-06|10:45:17|UnusualWhales|TSLA|410.0|3/13/2026|CALL||864K|33714|5.00|2.97%|7947|4.24||
2026-03-06|10:49:18|UnusualWhales|TSLA|400.0|3/13/2026|CALL||920K|19002|9.20|0.43%|2280|8.33||
2026-03-06|10:50:55|UnusualWhales|TSLA|410.0|3/13/2026|CALL||10.45M|60425|4.90|2.86%|7947|7.60||
2026-03-06|11:02:08|UnusualWhales|CRCL|110.0|6/17/2027|CALL||690K|359|34.50|8.16%|359|359.00||
2026-03-06|11:22:01|UnusualWhales|MU|430.0|3/20/2026|CALL||2.49M|14685|11.50|11.48%|6342|2.32||
2026-03-06|11:34:15|Tradytics|XLE|60.0|6/18/2026|CALL|14|2.85M|12.72K|||||5.82%|3.3
2026-03-06|12:33:13|Tradytics|INTU|470.0|3/20/2026|PUT|5|2.6M|1.56K|||||0.23%|1.1
2026-03-06|12:34:49|UnusualWhales|BE|130.0|3/13/2026|CALL||761K|354|21.75||29|12.21||
2026-03-06|12:53:53|UnusualWhales|BE|130.0|3/13/2026|CALL||950K|1237|20.30||29|42.66||
2026-03-06|13:10:00|UnusualWhales|NVDA|180.0|3/9/2026|CALL||1.26M|24020|2.34|0.07%|7050|3.41||
2026-03-06|13:19:19|UnusualWhales|AMPX|20.0|7/17/2026|CALL||515K|7250|2.90|23.84%|1543|4.70||
2026-03-06|13:19:53|UnusualWhales|AMPX|20.0|7/17/2026|CALL||510K|10483|2.90|23.76%|1543|6.79||
2026-03-06|13:50:05|Tradytics|AMAT|280.0|3/20/2026|PUT|10|892.92K|2.29K|||||15.99%|44.77
2026-03-06|13:53:05|Tradytics|AMPX|20.0|7/17/2026|CALL|12|2.32M|7.98K|||||23.47%|3.8
2026-03-06|13:53:05|Tradytics|AMPX|20.0|7/17/2026|CALL|12|2.32M|7.98K|||||23.47%|3.8
2026-03-09|08:02:15|Tradytics|RKT|15.0|3/20/2026|CALL|6|611.17K|8.15K|||||0.63%|0.09
2026-03-09|08:13:29|Tradytics|HD|340.0|3/20/2026|PUT|6|1.43M|2.79K|||||2.74%|9.31
2026-03-09|08:34:27|UnusualWhales|META|635.0|4/17/2026|CALL||750K|632|31.10||250|2.53||
2026-03-09|08:35:25|Tradytics|PBR|17.0|1/15/2027|PUT|5|1.35M|6.78K|||||7.83%|1.33
2026-03-09|08:46:49|Tradytics|XLF|50.0|6/18/2026|CALL|11|725.52K|3.17K|||||0.88%|0.44
2026-03-09|11:33:20|UnusualWhales|NVDA|180.0|3/11/2026|CALL||898K|37015|2.62||3399|10.89||
2026-03-09|12:22:43|Tradytics|PINS|20.0|12/18/2026|CALL|13|770.7K|1.83K|||||1.96%|0.38
2026-03-09|12:28:19|Tradytics|U|24.0|4/17/2026|CALL|6|522.08K|4.53K|||||15.55%|3.23
2026-03-09|12:28:19|Tradytics|U|24.0|4/17/2026|CALL|6|522.08K|4.53K|||||15.55%|3.23
2026-03-10|08:58:43|UnusualWhales|GOOG|310.0|5/15/2026|CALL||749K|4443|19.10|0.41%|1365|3.25||
2026-03-10|09:54:58|UnusualWhales|CRCL|120.0|3/27/2026|CALL||505K|965|10.10||467|2.07||
2026-03-10|09:54:58|UnusualWhales|CRCL|120.0|3/27/2026|CALL||505K|965|10.10||467|2.07||
2026-03-11|06:35:04|Tradytics|AAPL|260.0|8/21/2026|PUT|7|965.54K|538|||||0.3%|0.77
2026-03-11|06:45:57|Tradytics|CRWV|80.0|3/20/2026|CALL|9|716.95K|1.73K|||||1.41%|1.11
2026-03-11|07:12:48|UnusualWhales|NKE|56.0|3/13/2026|CALL||526K|11226|0.98||748|15.01||
2026-03-11|07:53:36|UnusualWhales|TSLA|420.0|5/15/2026|CALL||873K|11750|29.10|2.53%|3268|3.60||
2026-03-11|09:00:21|Tradytics|WDC|260.0|3/13/2026|PUT|8|703.08K|1.67K|||||3.59%|9.33
2026-03-11|09:36:04|Tradytics|BABA|165.0|7/17/2026|CALL|20|2.32M|4.45K|||||21.63%|29.34
2026-03-11|11:45:59|Tradytics|YPF|41.0|4/17/2026|CALL|5|571.83K|3.91K|||||5.9%|2.28
2026-03-11|12:40:18|Tradytics|WDC|350.0|4/17/2026|CALL|15|518.76K|1.02K|||||30.14%|81.05
2026-03-11|13:01:56|Tradytics|DOCU|50.0|3/20/2026|CALL|14|1.44M|6.75K|||||4.16%|2.0
2026-03-12|06:45:44|Tradytics|WDAY|145.0|4/17/2026|CALL|6|1.03M|1.46K|||||2.7%|3.82
2026-03-12|09:16:36|Tradytics|CCL|25.0|3/20/2026|CALL|6|633.44K|5.98K|||||2.24%|0.55
2026-03-12|09:33:31|Tradytics|AXTI|70.0|8/21/2026|CALL|6|1.01M|649|||||42.39%|20.82
2026-03-12|11:44:35|Tradytics|WDC|300.0|4/10/2026|CALL|5|1.03M|1.08K|||||14.44%|37.86
2026-03-12|12:42:09|Tradytics|FPS|30.0|3/20/2026|PUT|5|612.6K|3.59K|||||9.63%|2.89
2026-03-12|12:42:09|Tradytics|FPS|30.0|3/20/2026|PUT|5|612.6K|3.59K|||||9.63%|2.89
2026-03-13|06:34:38|Tradytics|IWM|238.0|3/20/2026|PUT|9|1.99M|11.52K|||||4.8%|11.44
2026-03-13|06:37:13|Tradytics|TSM|335.0|4/24/2026|PUT|5|691.62K|420|||||2.49%|8.33
2026-03-13|06:44:11|UnusualWhales|LLY|990.0|4/10/2026|CALL||686K|150|46.36||16|9.38||
2026-03-13|10:32:40|Tradytics|WULF|15.5|4/10/2026|CALL|8|748.43K|5.02K|||||3.0%|0.45
2026-03-13|11:00:19|UnusualWhales|AAOI|100.0|3/20/2026|CALL||554K|4026|5.90|5.29%|452|8.91||
2026-03-13|11:45:37|UnusualWhales|AXTI|70.0|1/21/2028|CALL||597K|220|31.40|46.38%|22|10.00||
2026-03-13|11:45:37|UnusualWhales|AXTI|70.0|1/21/2028|CALL||597K|220|31.40|46.38%|22|10.00||
2026-03-16|06:51:32|Tradytics|LITE|700.0|3/20/2026|CALL|6|955.13K|515|||||6.68%|43.74
2026-03-16|08:26:51|Tradytics|LITE|700.0|3/27/2026|CALL|5|1.27M|409|||||6.45%|42.39
2026-03-16|08:38:07|Tradytics|OKLO|85.0|1/15/2027|CALL|5|792.55K|657|||||44.97%|26.37
2026-03-16|11:02:57|Tradytics|BAC|45.0|4/17/2026|PUT|12|682.02K|5.97K|||||4.64%|2.09
2026-03-16|11:48:03|Tradytics|WYNN|120.0|9/18/2026|CALL|10|670.38K|1.36K|||||18.69%|18.89
2026-03-16|11:50:34|Tradytics|URA|50.0|4/17/2026|CALL|6|987.7K|2.9K|||||0.17%|0.09
2026-03-16|12:13:32|UnusualWhales|NVDA|165.0|3/16/2026|CALL||520K|405|21.15||79|5.13||
2026-03-16|12:34:35|Tradytics|URA|55.0|4/17/2026|CALL|5|759.0K|4.6K|||||9.73%|4.88
2026-03-16|12:34:35|Tradytics|URA|55.0|4/17/2026|CALL|5|759.0K|4.6K|||||9.73%|4.88
2026-03-17|06:48:57|Tradytics|BA|270.0|1/15/2027|CALL|6|1.21M|913|||||24.83%|53.7
2026-03-17|06:51:35|Tradytics|IBIT|46.0|4/17/2026|CALL|9|1.5M|16.04K|||||9.85%|4.12
2026-03-17|08:13:38|Tradytics|EEM|54.0|9/18/2026|PUT|6|4.44M|21.06K|||||9.23%|4.98
2026-03-17|08:16:20|Tradytics|KKR|80.0|1/15/2027|PUT|5|625.04K|601|||||10.58%|8.46
2026-03-17|10:47:21|UnusualWhales|MU|455.0|3/20/2026|CALL||699K|5217|20.75||2275|2.29||
2026-03-17|11:57:03|UnusualWhales|META|625.0|3/20/2026|CALL||550K|7217|6.80|0.40%|3015|2.39||
2026-03-17|12:44:38|Tradytics|VFC|16.0|4/17/2026|PUT|6|1.3M|19.92K|||||4.03%|0.64
2026-03-17|12:59:16|UnusualWhales|META|625.0|3/20/2026|CALL||921K|11512|6.40|0.41%|3015|3.82||
2026-03-17|12:59:16|UnusualWhales|META|625.0|3/20/2026|CALL||921K|11512|6.40|0.41%|3015|3.82||
2026-03-18|06:30:52|Tradytics|NVDA|185.0|9/18/2026|CALL|5|1.52M|678|||||1.43%|2.61
2026-03-18|06:56:01|Tradytics|TLT|92.0|2/19/2027|CALL|8|1.04M|4.38K|||||5.37%|4.69
2026-03-18|08:57:19|Tradytics|FTAI|250.0|5/15/2026|CALL|5|794.45K|352|||||2.4%|5.86
2026-03-18|10:46:36|UnusualWhales|RBLX|60.0|5/15/2026|CALL||710K|7240|7.10|1.28%|174|41.61||
2026-03-18|10:53:17|Tradytics|PBR|22.0|1/15/2027|CALL|8|1.25M|6.26K|||||10.92%|2.16
2026-03-18|11:42:21|UnusualWhales|SNDK|1080.0|6/17/2027|CALL||1.26M|125|263.50|42.67%|9|13.89||
2026-03-18|11:51:13|Tradytics|SMH|365.0|3/27/2026|PUT|18|1.15M|4.26K|||||8.96%|32.69
2026-03-19|08:27:22|UnusualWhales|MU|700.0|12/18/2026|CALL||761K|5742|44.00|58.08%|436|13.17||
2026-03-19|08:51:35|Tradytics|TSEM|160.0|4/17/2026|PUT|6|1.34M|1.07K|||||0.52%|0.83
2026-03-19|09:12:13|UnusualWhales|MU|445.0|3/20/2026|CALL||744K|9499|5.45|1.73%|2067|4.60||
2026-03-19|10:58:13|UnusualWhales|MU|450.0|3/20/2026|CALL||814K|42362|5.40|1.47%|9239|4.59||
2026-03-19|12:02:21|UnusualWhales|NVDA|215.0|6/17/2027|CALL||653K|3797|26.00|20.10%|40|94.92||
2026-03-20|07:34:59|UnusualWhales|MU|440.0|3/27/2026|CALL||1.12M|3007|14.00|1.62%|1074|2.80||
2026-03-20|08:02:22|Tradytics|SOFI|18.0|4/17/2026|CALL|5|556.83K|6.98K|||||5.36%|0.92
2026-03-20|09:04:14|UnusualWhales|BRKB|560.0|12/15/2028|CALL||1.21M|350|60.60|16.44%|65|5.38||
2026-03-20|11:23:18|Tradytics|CRWV|70.0|4/17/2026|PUT|30|2.97M|9.64K|||||14.39%|10.07
2026-03-20|11:39:28|Tradytics|IREN|40.0|4/17/2026|PUT|23|1.51M|3.96K|||||4.06%|1.62
2026-03-23|07:13:38|UnusualWhales|AMD|212.5|3/27/2026|CALL||755K|7302|2.48|2.77%|2848|2.56||
2026-03-23|08:27:16|Tradytics|KWEB|24.0|1/15/2027|PUT|11|5.89M|39.48K|||||19.88%|4.77
2026-03-23|08:43:51|Tradytics|ASML|1290.0|3/27/2026|PUT|11|1.26M|2.14K|||||7.64%|98.55
2026-03-23|09:32:28|Tradytics|ALB|300.0|9/18/2026|CALL|7|900.41K|1.97K|||||78.34%|131.77
2026-03-23|11:47:23|UnusualWhales|MU|440.0|3/27/2026|CALL||674K|10303|2.54|8.17%|4809|2.14||
2026-03-23|12:07:01|Tradytics|QBTS|16.5|4/10/2026|CALL|5|630.89K|6.15K|||||2.51%|0.4
2026-03-23|12:20:22|UnusualWhales|TSLA|385.0|3/25/2026|CALL||504K|22615|3.30|1.00%|3252|6.95||
2026-03-23|12:58:33|Tradytics|BRK/B|410.0|9/18/2026|PUT|6|523.35K|799|||||17.46%|71.59
2026-03-24|06:41:25|UnusualWhales|MSFT|380.0|4/2/2026|CALL||600K|2713|6.00|0.70%|379|7.16||
2026-03-24|06:43:05|Tradytics|GLW|135.0|4/17/2026|PUT|5|1.26M|1.6K|||||1.07%|1.45
2026-03-24|07:35:52|UnusualWhales|GLW|230.0|1/15/2027|CALL||507K|837|10.15|63.72%|190|4.41||
2026-03-24|08:14:01|UnusualWhales|HOOD|70.0|3/27/2026|CALL||579K|8438|1.70|0.72%|741|11.39||
2026-03-24|08:29:04|Tradytics|MRVL|85.0|4/17/2026|PUT|5|701.85K|3.08K|||||7.84%|6.66
2026-03-24|08:45:42|UnusualWhales|DELL|175.0|5/15/2026|CALL||1.3M|2790|13.00|0.82%|755|3.70||
2026-03-24|09:59:53|Tradytics|IEF|96.0|6/18/2026|CALL|6|630.52K|7.18K|||||1.12%|1.06
2026-03-24|11:32:19|UnusualWhales|DELL|175.0|5/15/2026|CALL||1.37M|5999|13.65|0.15%|755|7.95||
2026-03-24|11:46:06|Tradytics|ASHR|36.0|1/21/2028|CALL|6|825.98K|2.87K|||||12.17%|3.91
2026-03-24|11:49:15|UnusualWhales|PLTR|155.0|4/2/2026|CALL||538K|4410|5.50||2057|2.14||
2026-03-24|11:53:30|UnusualWhales|LLY|845.0|4/24/2026|CALL||806K|143|79.02||2|71.50||
2026-03-25|05:44:43|Tradytics|SPX|6535.0|3/25/2026|PUT|5|978.52K|1.43K|||||1.11%|72.48
2026-03-25|07:15:53|UnusualWhales|PDD|120.0|5/15/2026|CALL||562K|6802|2.00|13.00%|2385|2.85||
2026-03-25|07:53:14|UnusualWhales|META|580.0|5/15/2026|CALL||708K|815|47.20||348|2.34||
2026-03-25|10:00:46|Tradytics|KWEB|31.0|6/18/2026|CALL|5|506.66K|4.04K|||||6.26%|1.83
2026-03-25|10:05:59|Tradytics|GFS|55.0|5/15/2026|CALL|8|600.0K|2.95K|||||16.97%|7.98
2026-03-25|12:10:09|Tradytics|OXY|65.0|6/18/2026|CALL|6|505.72K|1.5K|||||5.5%|3.39
2026-03-25|12:47:52|Tradytics|MOD|300.0|5/15/2026|CALL|5|790.13K|983|||||28.48%|66.5
2026-03-25|13:08:28|Tradytics|APO|100.0|9/18/2026|PUT|6|955.04K|1.02K|||||9.82%|9.82
2026-03-26|06:53:18|Tradytics|APP|440.0|4/17/2026|CALL|6|1.22M|966|||||11.12%|44.04
2026-03-26|07:06:34|UnusualWhales|TSLA|382.5|3/30/2026|CALL||689K|2730|6.95||1325|2.06||
2026-03-26|07:34:36|UnusualWhales|TSLA|382.5|3/27/2026|CALL||1.28M|23657|3.95|0.17%|5141|4.60||
2026-03-26|10:02:19|UnusualWhales|MU|720.0|3/19/2027|CALL||618K|750|24.70|99.55%|21|35.71||
2026-03-26|10:05:26|Tradytics|FXI|35.0|6/18/2026|PUT|6|792.8K|4.38K|||||0.3%|0.1
2026-03-26|11:23:08|UnusualWhales|MU|520.0|3/19/2027|CALL||509K|1200|49.45|46.66%|17|70.59||
2026-03-26|12:30:13|UnusualWhales|SYRE|50.0|5/15/2026|CALL||521K|613|8.50|2.67%|9|68.11||
2026-03-26|12:57:31|Tradytics|SLB|60.0|9/18/2026|CALL|14|637.12K|1.99K|||||14.36%|7.54
2026-03-26|13:12:32|Tradytics|RCL|275.0|3/27/2026|CALL|5|822.22K|2.04K|||||0.44%|1.21
2026-03-27|06:34:49|Tradytics|CRWD|390.0|4/17/2026|CALL|5|925.84K|927|||||5.1%|18.92
2026-03-27|06:37:34|Tradytics|GOOGL|365.0|1/15/2027|CALL|9|1.22M|1.06K|||||31.27%|86.95
2026-03-27|08:49:40|Tradytics|ONTO|200.0|4/17/2026|PUT|5|933.48K|915|||||3.46%|6.93
2026-03-27|09:02:53|UnusualWhales|NVDA|170.0|3/30/2026|CALL||1.05M|34427|1.70|0.33%|3391|10.15||
2026-03-27|09:10:12|Tradytics|NEXT|10.0|1/15/2027|CALL|6|642.75K|4.13K|||||23.46%|1.9
2026-03-27|10:14:15|Tradytics|GEV|820.0|4/17/2026|PUT|5|1.18M|422|||||4.75%|38.95
2026-03-27|11:42:19|UnusualWhales|MU|357.5|4/2/2026|CALL||520K|1746|13.00||188|9.29||
2026-03-27|12:44:44|Tradytics|SNAP|5.0|5/15/2026|CALL|5|654.3K|30.95K|||||27.32%|1.07
